region_pays,annee,population_a_risque,cas_estimes_inf,cas_estimes_point,cas_estimes_sup,deces_estimes_inf,deces_estimes_point,deces_estimes_sup,taux_letalite_pct,incidence_pour_1000,mortalite_pour_100k
Afghanistan,2023,32006328,326000,424307,539000,88,202,340,0.0476,13.257,0.6311
Algeria,2023,2711686,NA,0,NA,NA,0,NA,NA,0,0
Angola,2023,36749906,4855000,8251449,13010000,11200,16169,25300,0.196,224.5298,43.9974
Argentina,2023,227692,NA,0,NA,NA,0,NA,NA,0,0
Armenia,2023,2943393,NA,0,NA,NA,0,NA,NA,0,0
Azerbaijan,2023,237318,NA,0,NA,NA,0,NA,NA,0,0
Bangladesh,2023,18479042,17000,20376,24000,15,31,49,0.1521,1.1027,0.1678
Belize,2023,283662,NA,0,NA,NA,0,NA,NA,0,0
Benin,2023,14111034,3224000,5127891,7722000,7840,9928,12700,0.1936,363.3958,70.3563
Bhutan,2023,581924,NA,0,NA,NA,0,NA,NA,0,0
Bolivia (Plurinational State of),2023,5554807,11000,13940,17000,3,7,13,0.0502,2.5095,0.126
Botswana,2023,1644352,590,778,1100,NA,4,NA,0.5141,0.4731,0.2433
Brazil,2023,42861567,146000,163461,177000,NA,73,NA,0.0447,3.8137,0.1703
Burkina Faso,2023,23025776,5382000,8139355,11700000,11300,16146,24000,0.1984,353.4888,70.1214
Burundi,2023,13689449,1627000,3354726,6270000,5100,6302,8350,0.1879,245.0592,46.0355
Cabo Verde,2023,135805,NA,0,NA,NA,0,NA,NA,0,0
Cambodia,2023,12395095,5200,6012,7100,0,2,4,0.0333,0.485,0.0161
Cameroon,2023,28372687,5284000,7343057,10010000,9710,11602,14300,0.158,258.8072,40.8914
Central African Republic,2023,5152420,963000,1574284,2417000,3900,5052,6560,0.3209,305.5426,98.051
Chad,2023,19107520,2356000,3946418,6198000,10400,13707,18900,0.3473,206.5374,71.7362
China,2023,594953470,NA,0,NA,NA,0,NA,NA,0,0
Colombia,2023,11583379,93000,122467,153000,NA,22,NA,0.018,10.5726,0.1899
Comoros,2023,850387,NA,21049,NA,25,53,82,0.2518,24.7523,6.2325
Congo,2023,6182885,842000,1327964,1999000,1970,2244,2810,0.169,214.7806,36.2937
Costa Rica,2023,1786933,NA,543,NA,NA,0,NA,0,0.3039,0
Côte d’Ivoire,2023,31165654,5301000,7835921,11240000,9200,10771,12700,0.1375,251.4281,34.5605
Democratic People’s Republic of Korea,2023,10327765,NA,3160,NA,NA,0,NA,0,0.306,0
Democratic Republic of the Congo,2023,105789731,24830000,33140568,43540000,43200,67464,110000,0.2036,313.2683,63.7718
Djibouti,2023,864614,NA,38944,NA,38,80,120,0.2054,45.0421,9.2527
Dominican Republic,2023,6241487,NA,253,NA,NA,0,NA,0,0.0405,0
Ecuador,2023,10189313,NA,604,NA,NA,0,NA,0,0.0593,0
Egypt,2023,114535771,NA,0,NA,NA,0,NA,NA,0,0
El Salvador,2023,1280853,NA,0,NA,NA,0,NA,NA,0,0
Equatorial Guinea,2023,1847549,253000,422756,658000,640,757,970,0.1791,228.8199,40.9732
Eritrea,2023,3470389,141000,219981,306000,190,459,840,0.2087,63.388,13.2262
Eswatini,2023,344541,NA,597,NA,NA,7,NA,1.1725,1.7327,2.0317
Ethiopia,2023,87510350,5298000,9559569,14290000,6800,18567,35900,0.1942,109.2393,21.2169
French Guiana,2023,167866,NA,189,NA,NA,0,NA,0,1.1259,0
Gabon,2023,2484788,307000,569819,975000,370,433,540,0.076,229.323,17.426
Gambia,2023,2697845,183000,236079,295000,590,632,690,0.2677,87.5065,23.4261
Georgia,2023,38074,NA,0,NA,NA,0,NA,NA,0,0
Ghana,2023,33787914,4728000,6551533,8786000,10800,11464,12400,0.175,193.9017,33.9293
Guatemala,2023,13682802,NA,3046,NA,NA,0,NA,0,0.2226,0
Guinea,2023,14405468,2716000,4433772,6793000,8420,10188,12600,0.2298,307.784,70.7231
Guinea-Bissau,2023,2153339,72000,223937,549000,750,885,1100,0.3952,103.9952,41.099
Guyana,2023,826353,30000,35255,41000,22,42,67,0.1191,42.6634,5.0826
Haiti,2023,10397084,16000,23824,32000,24,60,110,0.2518,2.2914,0.5771
Honduras,2023,9642106,NA,2589,NA,NA,0,NA,0,0.2685,0
India,2023,1343732230,1621000,2037519,2729000,1650,3461,5830,0.1699,1.5163,0.2576
Indonesia,2023,281190066,1004000,1089788,1198000,940,1876,2860,0.1721,3.8756,0.6672
Iran (Islamic Republic of),2023,925114,NA,2528,NA,NA,0,NA,0,2.7326,0
Iraq,2023,5859626,NA,0,NA,NA,0,NA,NA,0,0
Kazakhstan,2023,20330104,NA,0,NA,NA,0,NA,NA,0,0
Kenya,2023,55339002,1628000,3294221,5964000,11100,11478,11900,0.3484,59.528,20.7412
Kyrgyzstan,2023,5517342,NA,0,NA,NA,0,NA,NA,0,0
Lao People’s Democratic Republic,2023,3988371,830,1143,1500,NA,0,NA,0,0.2866,0
Liberia,2023,5493031,614000,1026103,1600000,2840,3541,4690,0.3451,186.8009,64.4635
Madagascar,2023,31195932,3973000,6239943,8662000,6200,15974,29900,0.256,200.0243,51.2054
Malawi,2023,21104482,2979000,4810053,7481000,6350,7376,9200,0.1533,227.9162,34.9499
Malaysia,2023,1405051,NA,0,NA,NA,0,NA,NA,0,0
Mali,2023,23769127,5808000,8229337,11700000,11200,14203,18300,0.1726,346.2196,59.754
Mauritania,2023,5022441,77000,192584,357000,140,493,1130,0.256,38.3447,9.8159
Mexico,2023,2750482,NA,42,NA,NA,0,NA,0,0.0153,0
Morocco,2023,37712505,NA,0,NA,NA,0,NA,NA,0,0
Mozambique,2023,33635160,7225000,9256415,11730000,12400,17875,27300,0.1931,275.2006,53.1438
Myanmar,2023,47164005,508000,847261,3454000,280,660,2870,0.0779,17.9641,1.3994
Namibia,2023,2351956,15000,19376,24000,NA,23,NA,0.1187,8.2382,0.9779
Nepal,2023,8623746,NA,15,NA,NA,0,NA,0,0.0017,0
Nicaragua,2023,6004779,7100,8505,10000,NA,0,NA,0,1.4164,0
Niger,2023,26159867,4603000,7982516,12960000,28500,35381,44500,0.4432,305.1436,135.2492
Nigeria,2023,227882945,49140000,68136453,92560000,135000,184689,264000,0.2711,298.9976,81.0456
Oman,2023,5049269,NA,0,NA,NA,0,NA,NA,0,0
Pakistan,2023,243324144,3410000,4284621,5755000,2520,4956,8290,0.1157,17.6087,2.0368
Panama,2023,2987368,NA,9485,NA,NA,0,NA,0,3.175,0
Papua New Guinea,2023,10389635,1060000,1529373,2038000,1300,3080,5460,0.2014,147.2018,29.6449
Paraguay,2023,246389,NA,0,NA,NA,0,NA,NA,0,0
Peru,2023,13293204,24000,29089,35000,9,20,32,0.0688,2.1883,0.1505
Philippines,2023,66681282,11000,15505,21000,14,33,61,0.2128,0.2325,0.0495
Republic of Korea,2023,3622411,NA,662,NA,NA,0,NA,0,0.1828,0
Rwanda,2023,13954471,584000,748570,923000,3130,3349,3780,0.4474,53.6437,23.9995
Sao Tome and Principe,2023,230871,NA,2348,NA,NA,0,NA,0,10.1702,0
Saudi Arabia,2023,3566989,NA,0,NA,NA,0,NA,NA,0,0
Senegal,2023,18077573,698000,1199388,1918000,1170,3070,6220,0.256,66.3467,16.9824
Sierra Leone,2023,8460512,1309000,2479839,4283000,5310,6635,8360,0.2676,293.1074,78.4231
Solomon Islands,2023,792005,163000,187733,221000,120,245,380,0.1305,237.0351,30.9341
Somalia,2023,18358615,662000,1081187,1679000,1030,2611,5180,0.2415,58.8926,14.2222
South Africa,2023,6321238,NA,5291,NA,NA,64,NA,1.2096,0.837,1.0125
South Sudan,2023,11483374,1871000,2907170,4332000,3640,6671,13700,0.2295,253.1634,58.0927
Sri Lanka,2023,5283471,NA,0,NA,NA,0,NA,NA,0,0
Sudan,2023,50042790,1712000,3406260,6227000,2780,7974,17300,0.2341,68.0669,15.9344
Suriname,2023,92886,NA,0,NA,NA,0,NA,NA,0,0
Syrian Arab Republic,2023,23594623,NA,0,NA,NA,0,NA,NA,0,0
Tajikistan,2023,3470192,NA,0,NA,NA,0,NA,NA,0,0
Thailand,2023,13606254,NA,9169,NA,NA,5,NA,0.0545,0.6739,0.0367
Timor-Leste,2023,1301934,NA,0,NA,NA,0,NA,NA,0,0
Togo,2023,9304337,1357000,2143070,3219000,2870,3456,4260,0.1613,230.3302,37.144
Total,2023,4349720089,238000000,262904806,294000000,548000,596781,723000,0.227,60.4418,13.72
Turkmenistan,2023,478688,NA,0,NA,NA,0,NA,NA,0,0
Türkiye,2023,5672582,NA,0,NA,NA,0,NA,NA,0,0
Uganda,2023,48656601,8278000,12572518,19760000,13800,15945,19300,0.1268,258.3929,32.7705
United Arab Emirates,2023,10642081,NA,0,NA,NA,0,NA,NA,0,0
United Republic of Tanzania,2023,66617606,6017000,8554792,11810000,24000,25540,27500,0.2985,128.4164,38.3382
Uzbekistan,2023,35652,NA,0,NA,NA,0,NA,NA,0,0
Vanuatu,2023,320408,3500,5748,9100,NA,0,NA,0,17.9396,0
Venezuela (Bolivarian Republic of),2023,14150427,120000,134811,156000,61,118,180,0.0875,9.527,0.8339
Viet Nam,2023,73958461,NA,373,NA,NA,0,NA,0,0.005,0
Yemen,2023,25353517,609000,985137,1521000,980,2474,4830,0.2511,38.856,9.758
Zambia,2023,20723965,2339000,3662799,5571000,7580,8525,10100,0.2327,176.7422,41.136
Zimbabwe,2023,12867204,381000,635589,914000,600,1627,3100,0.256,49.396,12.6445
